"","School","Year","Total Applicants","Tuition and Fees","Avg Faculty Salary"
"1","University of Alabama at Birmingham",2014,5710,7205,89613
"2","The University of Alabama",2014,33736,9450,87003
"3","Auburn University",2014,16958,9852,85383
"4","University of South Alabama",2014,5614,6948,64755
"5","Troy University",2014,6336,7276,56214
"6","Arizona State University Campus Immersion",2014,22581,10002,95823
"7","University of Arizona",2014,32723,10391,92727
"8","University of Arkansas",2014,18984,7818,81765
"9","Arkansas State University",2014,5086,7510,62343
"10","California State University-Fresno",2014,18964,6287,72999
"11","University of California-Berkeley",2014,73782,12864,136746
"12","University of California-Los Angeles",2014,86537,12697,142569
"13","San Diego State University",2014,56921,6766,83493
"14","San Jose State University",2014,29738,7343,82539
"15","University of Southern California",2014,51920,46298,120195
"16","University of Colorado Boulder",2014,28852,10347,94068
"17","Colorado State University-Fort Collins",2014,16655,9313,82845
"18","United States Air Force Academy",2014,9050,NA,76527
"19","University of Connecticut",2014,31280,12022,107163
"20","University of Central Florida",2014,33226,6317,82899
"21","Florida Atlantic University",2014,14944,4790,76005
"22","Florida International University",2014,20175,6496,87003
"23","Florida State University",2014,30266,6507,89019
"24","University of Florida",2014,28662,6263,97650
"25","University of Miami",2014,31613,42852,102366
"26","University of South Florida",2014,24988,6410,81207
"27","Georgia Institute of Technology-Main Campus",2014,25884,10650,104544
"28","Georgia Southern University",2014,9679,6071,57618
"29","University of Georgia",2014,20918,10262,91521
"30","University of Hawaii at Manoa",2014,7532,9904,96597
"31","Boise State University",2014,8153,6292,63531
"32","University of Illinois Urbana-Champaign",2014,35822,14750,106470
"33","Northern Illinois University",2014,19814,12976,70452
"34","Northwestern University",2014,33674,45527,135396
"35","Ball State University",2014,18107,9160,67086
"36","Indiana University-Bloomington",2014,36362,10209,88047
"37","University of Notre Dame",2014,17901,44605,117918
"38","Iowa State University",2014,18399,7726,94212
"39","University of Iowa",2014,24097,8061,97596
"40","University of Kansas",2014,15767,10107,88605
"41","Kansas State University",2014,9614,8192,74259
"42","Pittsburg State University",2014,2758,5906,63846
"43","University of Kentucky",2014,20677,10110,87894
"44","University of Louisville",2014,10604,9946,85050
"45","Western Kentucky University",2014,8462,8722,63738
"46","Louisiana State University and Agricultural & Mechanical College",2014,16580,7873,85149
"47","Louisiana Tech University",2014,5863,7302,66096
"48","University of Louisiana at Monroe",2014,3863,6318,62784
"49","University of Louisiana at Lafayette",2014,9386,6192,68868
"50","Tulane University of Louisiana",2014,28901,46930,98073
"51","University of Maryland-College Park",2014,26340,9162,112131
"52","United States Naval Academy",2014,17618,NA,97587
"53","Boston College",2014,23223,45622,124425
"54","University of Massachusetts-Amherst",2014,37296,13443,103104
"55","Central Michigan University",2014,18320,11220,75951
"56","Eastern Michigan University",2014,12360,9364,80640
"57","University of Michigan-Ann Arbor",2014,49776,13142,96093
"58","Michigan State University",2014,33211,12862,97218
"59","Western Michigan University",2014,14008,10355,82575
"60","University of Minnesota-Duluth",2014,7740,12815,69102
"61","University of Mississippi",2014,16101,6760,79353
"62","Mississippi State University",2014,10766,6772,72423
"63","University of Southern Mississippi",2014,5850,6744,65259
"64","University of Missouri-Columbia",2014,21163,9415,82305
"65","University of Nebraska-Lincoln",2014,11865,8060,91746
"66","University of Nevada-Las Vegas",2014,7408,6690,91251
"67","University of Nevada-Reno",2014,8832,6610,88920
"68","Rutgers University-New Brunswick",2014,31941,13499,98811
"69","University of New Mexico-Main Campus",2014,12574,6846,80181
"70","New Mexico State University-Main Campus",2014,7101,6220,73665
"71","University at Buffalo",2014,24423,8211,91215
"72","Syracuse University",2014,26790,40458,100323
"73","United States Military Academy",2014,14977,NA,83349
"74","Appalachian State University",2014,13506,6462,69030
"75","Duke University",2014,31523,45376,134136
"76","East Carolina University",2014,14223,6143,71685
"77","University of North Carolina at Chapel Hill",2014,31332,8340,98082
"78","North Carolina State University at Raleigh",2014,20443,8206,89955
"79","Wake Forest University",2014,11119,44742,100233
"80","University of Akron Main Campus",2014,13109,10054,82188
"81","Bowling Green State University-Main Campus",2014,14509,10726,73989
"82","University of Cincinnati-Main Campus",2014,16689,10784,84411
"83","Kent State University at Kent",2014,16125,9816,76338
"84","Miami University-Oxford",2014,25301,13800,78093
"85","Ohio State University-Main Campus",2014,36788,10037,103149
"86","Ohio University-Main Campus",2014,20934,10446,77121
"87","University of Toledo",2014,10394,9275,72864
"88","Oklahoma State University-Main Campus",2014,12259,7442,76392
"89","University of Oklahoma-Norman Campus",2014,11331,8916,85815
"90","University of Tulsa",2014,7636,34835,89145
"91","Oregon State University",2014,14116,8322,81558
"92","University of Oregon",2014,21359,9703,84510
"93","Pennsylvania State University-Main Campus",2014,50299,16992,91575
"94","Temple University",2014,26496,14096,88515
"95","Clemson University",2014,20756,13382,91431
"96","University of South Carolina-Columbia",2014,23342,10816,87534
"97","Coastal Carolina University",2014,14799,9760,66951
"98","University of Memphis",2014,11311,8312,75366
"99","Middle Tennessee State University",2014,9353,7546,63846
"100","The University of Tennessee-Knoxville",2014,15442,11194,90414
"101","Vanderbilt University",2014,29518,42978,118359
"102","Baylor University",2014,33898,35972,80865
"103","University of Houston",2014,17328,8401,94878
"104","University of North Texas",2014,16842,8745,90090
"105","Rice University",2014,17728,38941,132318
"106","Southern Methodist University",2014,11817,43800,104616
"107","Texas State University",2014,18413,8060,68535
"108","Texas A & M University-College Station",2014,32190,8506,89649
"109","The University of Texas at Austin",2014,38785,9798,100548
"110","The University of Texas at El Paso",2014,7157,7255,75762
"111","Texas Christian University",2014,17029,36590,92385
"112","The University of Texas at San Antonio",2014,14933,7457,68103
"113","Texas Tech University",2014,21873,7517,80010
"114","Brigham Young University",2014,11078,4850,89199
"115","Utah State University",2014,12835,6030,76158
"116","University of Utah",2014,10991,7457,90324
"117","Liberty University",2014,45121,18274,36459
"118","Old Dominion University",2014,9161,8550,77004
"119","Virginia Polytechnic Institute and State University",2014,20744,11455,91701
"120","University of Virginia-Main Campus",2014,31021,12668,115803
"121","Washington State University",2014,14887,12327,82071
"122","University of Washington-Seattle Campus",2014,31611,12397,101016
"123","Marshall University",2014,2863,6216,64053
"124","West Virginia University",2014,15604,6456,85131
"125","University of Wisconsin-Madison",2014,25438,10403,100287
"126","University of Wyoming",2014,4187,4404,82116
"127","Stanford University",2014,42167,43245,185850
"128","Purdue University-Main Campus",2014,39896,9992,100269
"129","University of Alabama at Birmingham",2015,7672,7510,91989
"130","The University of Alabama",2015,36203,9826,87390
"131","Auburn University",2015,19414,10200,87642
"132","University of South Alabama",2015,6625,7188,64611
"133","Troy University",2015,5569,7564,57024
"134","Arizona State University Campus Immersion",2015,25380,10157,98469
"135","University of Arizona",2015,35408,10957,94491
"136","University of Arkansas",2015,20542,8210,82521
"137","Arkansas State University",2015,5346,7720,62280
"138","California State University-Fresno",2015,19938,6299,75348
"139","University of California-Berkeley",2015,78893,12972,141399
"140","University of California-Los Angeles",2015,92690,12705,148239
"141","San Diego State University",2015,59051,6866,85788
"142","San Jose State University",2015,30584,7323,85401
"143","University of Southern California",2015,51924,48280,121149
"144","University of Colorado Boulder",2015,31325,10789,96183
"145","Colorado State University-Fort Collins",2015,18556,9897,84798
"146","United States Air Force Academy",2015,9122,NA,77751
"147","University of Connecticut",2015,34978,12700,111159
"148","University of Central Florida",2015,35572,6368,83313
"149","Florida Atlantic University",2015,15847,4831,76014
"150","Florida International University",2015,21442,6497,89307
"151","Florida State University",2015,29828,6507,91836
"152","University of Florida",2015,29220,6313,98595
"153","University of Miami",2015,33420,44350,103761
"154","University of South Florida",2015,30393,6410,84438
"155","Georgia Institute of Technology-Main Campus",2015,27277,11394,109341
"156","Georgia Southern University",2015,10098,6170,58941
"157","University of Georgia",2015,21945,10836,96084
"158","University of Hawaii at Manoa",2015,7690,10620,100701
"159","Boise State University",2015,8156,6641,65448
"160","University of Illinois Urbana-Champaign",2015,34277,15020,106506
"161","Northern Illinois University",2015,17099,13505,71604
"162","Northwestern University",2015,32122,47251,139392
"163","Ball State University",2015,22147,9344,67770
"164","Indiana University-Bloomington",2015,34483,10388,89991
"165","University of Notre Dame",2015,18157,46237,122247
"166","Iowa State University",2015,19164,7731,94617
"167","University of Iowa",2015,26222,8079,96408
"168","University of Kansas",2015,15155,10448,88371
"169","Kansas State University",2015,9178,8918,77706
"170","Pittsburg State University",2015,2697,6230,64683
"171","University of Kentucky",2015,18725,10616,90891
"172","University of Louisville",2015,9685,10432,84249
"173","Western Kentucky University",2015,8957,9140,64161
"174","Louisiana State University and Agricultural & Mechanical College",2015,17429,8750,85023
"175","Louisiana Tech University",2015,6378,8052,66780
"176","University of Louisiana at Monroe",2015,3417,6963,64080
"177","University of Louisiana at Lafayette",2015,10897,6872,72945
"178","Tulane University of Louisiana",2015,26257,48305,98937
"179","University of Maryland-College Park",2015,28434,9427,111375
"180","United States Naval Academy",2015,16101,NA,95301
"181","Boston College",2015,29486,47436,127899
"182","University of Massachusetts-Amherst",2015,40130,13443,107289
"183","Central Michigan University",2015,18575,11550,76158
"184","Eastern Michigan University",2015,14236,9663,83043
"185","University of Michigan-Ann Arbor",2015,51797,13486,97974
"186","Michigan State University",2015,35300,13200,100476
"187","Western Michigan University",2015,15175,10685,83853
"188","University of Minnesota-Duluth",2015,7499,12802,71721
"189","University of Mississippi",2015,18059,7096,80964
"190","Mississippi State University",2015,12446,7140,75339
"191","University of Southern Mississippi",2015,6046,6980,68157
"192","University of Missouri-Columbia",2015,21988,9433,81090
"193","University of Nebraska-Lincoln",2015,9724,8070,93465
"194","University of Nevada-Las Vegas",2015,7603,6710,91728
"195","University of Nevada-Reno",2015,10454,6610,87867
"196","Rutgers University-New Brunswick",2015,35340,13813,101538
"197","University of New Mexico-Main Campus",2015,13189,6846,80262
"198","New Mexico State University-Main Campus",2015,7427,5950,75618
"199","University at Buffalo",2015,23629,8870,92763
"200","Syracuse University",2015,33254,41886,100818
"201","United States Military Academy",2015,14635,NA,83781
"202","Appalachian State University",2015,13083,6553,70173
"203","Duke University",2015,31220,47243,136260
"204","East Carolina University",2015,16871,6143,72072
"205","University of North Carolina at Chapel Hill",2015,31143,8336,106281
"206","North Carolina State University at Raleigh",2015,21364,8296,92169
"207","Wake Forest University",2015,13281,46200,102636
"208","University of Akron Main Campus",2015,15166,10260,80703
"209","Bowling Green State University-Main Campus",2015,14632,10726,75771
"210","University of Cincinnati-Main Campus",2015,17265,11000,85581
"211","Kent State University at Kent",2015,15772,10012,76356
"212","Miami University-Oxford",2015,27454,14287,79749
"213","Ohio State University-Main Campus",2015,40240,10037,105651
"214","Ohio University-Main Campus",2015,21000,10536,79110
"215","University of Toledo",2015,10678,9463,76869
"216","Oklahoma State University-Main Campus",2015,12501,7442,79092
"217","University of Oklahoma-Norman Campus",2015,12002,9495,86022
"218","University of Tulsa",2015,6762,35855,96417
"219","Oregon State University",2015,14058,9122,81702
"220","University of Oregon",2015,22000,9918,85824
"221","Pennsylvania State University-Main Campus",2015,53472,17502,94626
"222","Temple University",2015,28886,14696,92088
"223","Clemson University",2015,22396,13436,91485
"224","University of South Carolina-Columbia",2015,25740,11158,90000
"225","Coastal Carolina University",2015,17252,10180,61965
"226","University of Memphis",2015,16672,8619,76545
"227","Middle Tennessee State University",2015,8164,7876,64395
"228","The University of Tennessee-Knoxville",2015,17081,11876,94113
"229","Vanderbilt University",2015,31464,43838,120771
"230","Baylor University",2015,32136,38120,83376
"231","University of Houston",2015,17971,8605,97929
"232","University of North Texas",2015,16253,9346,93429
"233","Rice University",2015,17951,40566,134514
"234","Southern Methodist University",2015,12992,45940,107721
"235","Texas State University",2015,20711,8950,70695
"236","Texas A & M University-College Station",2015,33213,9685,97101
"237","The University of Texas at Austin",2015,42392,9830,103248
"238","The University of Texas at El Paso",2015,7134,7259,77652
"239","Texas Christian University",2015,18423,38600,89280
"240","The University of Texas at San Antonio",2015,15706,7457,84483
"241","Texas Tech University",2015,23010,7811,81522
"242","Brigham Young University",2015,13376,5000,92979
"243","Utah State University",2015,16158,6250,77868
"244","University of Utah",2015,12174,7835,89739
"245","Liberty University",2015,48936,18906,41346
"246","Old Dominion University",2015,9510,8970,80667
"247","Virginia Polytechnic Institute and State University",2015,22280,12017,97938
"248","University of Virginia-Main Campus",2015,30840,13208,119358
"249","Washington State University",2015,19766,12428,86301
"250","University of Washington-Seattle Campus",2015,36840,12394,106362
"251","Marshall University",2015,4911,6526,63108
"252","West Virginia University",2015,15353,6968,84501
"253","University of Wisconsin-Madison",2015,28007,10410,101385
"254","University of Wyoming",2015,4657,4646,86076
"255","Stanford University",2015,42497,44757,192186
"256","Purdue University-Main Campus",2015,45264,10002,103779
"257","University of Alabama at Birmingham",2016,9459,7766,93743
"258","The University of Alabama",2016,38237,10170,88850
"259","Auburn University",2016,18256,10424,89219
"260","University of South Alabama",2016,6180,7332,65565
"261","Troy University",2016,5952,7924,57781
"262","Arizona State University Campus Immersion",2016,24764,10158,99711
"263","University of Arizona",2016,36166,11403,97444
"264","University of Arkansas",2016,21539,8522,83630
"265","Arkansas State University",2016,5655,8050,62971
"266","California State University-Fresno",2016,18735,6311,79881
"267","University of California-Berkeley",2016,82561,13431,146987
"268","University of California-Los Angeles",2016,97112,12763,155059
"269","San Diego State University",2016,60834,6976,92146
"270","San Jose State University",2016,31555,7378,90748
"271","University of Southern California",2016,54280,50210,125227
"272","University of Colorado Boulder",2016,34047,11091,99991
"273","Colorado State University-Fort Collins",2016,21759,10590,86356
"274","United States Air Force Academy",2016,9894,NA,78974
"275","University of Connecticut",2016,35980,13366,109238
"276","University of Central Florida",2016,34886,6368,85516
"277","Florida Atlantic University",2016,15907,4831,82710
"278","Florida International University",2016,21809,6556,90981
"279","Florida State University",2016,29027,6507,97443
"280","University of Florida",2016,30118,6381,102592
"281","University of Miami",2016,32528,45724,108554
"282","University of South Florida",2016,28628,6410,86092
"283","Georgia Institute of Technology-Main Campus",2016,30528,12204,110397
"284","Georgia Southern University",2016,9834,6273,60505
"285","University of Georgia",2016,22694,11622,98438
"286","University of Hawaii at Manoa",2016,7409,11164,103865
"287","Boise State University",2016,8330,6876,67471
"288","University of Illinois Urbana-Champaign",2016,38093,15054,107091
"289","Northern Illinois University",2016,14980,14295,71791
"290","Northwestern University",2016,35100,49047,144604
"291","Ball State University",2016,24735,9498,65991
"292","Indiana University-Bloomington",2016,34646,10388,91632
"293","University of Notre Dame",2016,19505,47929,124246
"294","Iowa State University",2016,19433,7736,97383
"295","University of Iowa",2016,28494,8104,97424
"296","University of Kansas",2016,15015,10825,90789
"297","Kansas State University",2016,9213,9350,77875
"298","Pittsburg State University",2016,2503,6508,63795
"299","University of Kentucky",2016,20480,10936,92381
"300","University of Louisville",2016,10404,10744,79643
"301","Western Kentucky University",2016,9693,9482,64439
"302","Louisiana State University and Agricultural & Mechanical College",2016,18122,9842,85796
"303","Louisiana Tech University",2016,7227,8854,65256
"304","University of Louisiana at Monroe",2016,4563,7658,64734
"305","University of Louisiana at Lafayette",2016,11633,8256,74682
"306","Tulane University of Louisiana",2016,32006,49638,102808
"307","University of Maryland-College Park",2016,30291,9996,115676
"308","United States Naval Academy",2016,17043,NA,100989
"309","Boston College",2016,28956,49324,131571
"310","University of Massachusetts-Amherst",2016,40822,14171,110973
"311","Central Michigan University",2016,19160,11850,78943
"312","Eastern Michigan University",2016,14796,11209,84499
"313","University of Michigan-Ann Arbor",2016,55504,13856,103605
"314","Michigan State University",2016,37480,13560,103699
"315","Western Michigan University",2016,13613,11535,87446
"316","University of Minnesota-Duluth",2016,7976,13082,73411
"317","University of Mississippi",2016,17918,7444,80751
"318","Mississippi State University",2016,14012,7502,75227
"319","University of Southern Mississippi",2016,5180,7334,67821
"320","University of Missouri-Columbia",2016,21107,9509,83236
"321","University of Nebraska-Lincoln",2016,11193,8367,92816
"322","University of Nevada-Las Vegas",2016,8533,6943,91562
"323","University of Nevada-Reno",2016,9644,6902,88410
"324","Rutgers University-New Brunswick",2016,36677,14131,105693
"325","University of New Mexico-Main Campus",2016,15582,7071,80106
"326","New Mexico State University-Main Campus",2016,7618,6094,76717
"327","University at Buffalo",2016,26001,9381,92257
"328","Syracuse University",2016,30923,43318,101888
"329","United States Military Academy",2016,14829,NA,85651
"330","Appalachian State University",2016,13202,6852,74487
"331","Duke University",2016,31671,49241,138325
"332","East Carolina University",2016,17099,6580,77246
"333","University of North Carolina at Chapel Hill",2016,34889,8591,111387
"334","North Carolina State University at Raleigh",2016,26451,8581,96631
"335","Wake Forest University",2016,14006,47682,104194
"336","University of Akron Main Campus",2016,13911,10509,84523
"337","Bowling Green State University-Main Campus",2016,15291,10796,76932
"338","University of Cincinnati-Main Campus",2016,19370,11000,87587
"339","Kent State University at Kent",2016,16145,10012,79477
"340","Miami University-Oxford",2016,29771,14287,81801
"341","Ohio State University-Main Campus",2016,44845,10037,109660
"342","Ohio University-Main Campus",2016,20623,11548,81801
"343","University of Toledo",2016,10842,9244,78621
"344","Oklahoma State University-Main Campus",2016,13055,7778,82109
"345","University of Oklahoma-Norman Campus",2016,14391,10090,85747
"346","University of Tulsa",2016,8089,39521,96752
"347","Oregon State University",2016,14595,10107,84243
"348","University of Oregon",2016,21821,10287,90284
"349","Pennsylvania State University-Main Campus",2016,52974,17514,102129
"350","Temple University",2016,33139,15188,93726
"351","Clemson University",2016,23506,14272,89491
"352","University of South Carolina-Columbia",2016,25057,11482,95825
"353","Coastal Carolina University",2016,17768,10530,70124
"354","University of Memphis",2016,21392,8903,77407
"355","Middle Tennessee State University",2016,8538,8080,63529
"356","The University of Tennessee-Knoxville",2016,17583,12436,96909
"357","Vanderbilt University",2016,32442,44712,116972
"358","Baylor University",2016,34636,40198,85211
"359","University of Houston",2016,19860,8759,101293
"360","University of North Texas",2016,16826,9730,91008
"361","Rice University",2016,18236,42253,138607
"362","Southern Methodist University",2016,13250,48190,110626
"363","Texas State University",2016,22701,9348,71856
"364","Texas A & M University-College Station",2016,34780,10176,101957
"365","The University of Texas at Austin",2016,47511,9806,106664
"366","The University of Texas at El Paso",2016,7134,7259,79714
"367","Texas Christian University",2016,19972,40720,99338
"368","The University of Texas at San Antonio",2016,15500,7447,79403
"369","Texas Tech University",2016,23311,8028,80703
"370","Brigham Young University",2016,12739,5150,94735
"371","Utah State University",2016,15401,7260,79177
"372","University of Utah",2016,14308,8197,88422
"373","Liberty University",2016,35627,20109,42870
"374","Old Dominion University",2016,11352,9480,80137
"375","Virginia Polytechnic Institute and State University",2016,25000,12485,98101
"376","University of Virginia-Main Campus",2016,32377,15192,122466
"377","Washington State University",2016,23223,11967,87764
"378","University of Washington-Seattle Campus",2016,43517,11839,107873
"379","Marshall University",2016,4891,6814,64314
"380","West Virginia University",2016,21558,7632,86226
"381","University of Wisconsin-Madison",2016,32839,10415,106320
"382","University of Wyoming",2016,4883,4892,84258
"383","Stanford University",2016,43997,46320,199387
"384","Purdue University-Main Campus",2016,49007,10002,106817
"385","University of Alabama at Birmingham",2017,7555,8040,95028
"386","The University of Alabama",2017,38129,10470,90868
"387","Auburn University",2017,18072,10696,91030
"388","University of South Alabama",2017,5898,7548,65168
"389","Troy University",2017,7367,8260,58050
"390","Arizona State University Campus Immersion",2017,24127,10370,102220
"391","University of Arizona",2017,33608,11789,98087
"392","University of Arkansas",2017,21715,8820,87058
"393","Arkansas State University",2017,5683,8200,63867
"394","California State University-Fresno",2017,17920,6313,82899
"395","University of California-Berkeley",2017,85044,13509,149427
"396","University of California-Los Angeles",2017,102225,12920,162148
"397","San Diego State University",2017,60910,7084,95311
"398","San Jose State University",2017,31909,7418,92748
"399","University of Southern California",2017,56676,52283,130552
"400","University of Colorado Boulder",2017,36148,11531,101847
"401","Colorado State University-Fort Collins",2017,23137,11080,88194
"402","United States Air Force Academy",2017,10202,NA,81392
"403","University of Connecticut",2017,34198,14066,108246
"404","University of Central Florida",2017,37693,6368,88895
"405","Florida Atlantic University",2017,15176,4831,81628
"406","Florida International University",2017,19757,6556,92317
"407","Florida State University",2017,35334,6507,99450
"408","University of Florida",2017,32747,6381,107263
"409","University of Miami",2017,30638,47004,110254
"410","University of South Florida",2017,31944,6410,91188
"411","Georgia Institute of Technology-Main Campus",2017,31497,12212,113408
"412","Georgia Southern University",2017,9202,6273,61948
"413","University of Georgia",2017,24165,11634,100687
"414","University of Hawaii at Manoa",2017,8501,11732,105935
"415","Boise State University",2017,8876,7080,70021
"416","University of Illinois Urbana-Champaign",2017,38965,15058,110178
"417","Northern Illinois University",2017,14641,14334,73802
"418","Northwestern University",2017,37259,50855,149801
"419","Ball State University",2017,24191,9654,67652
"420","Indiana University-Bloomington",2017,41939,10388,93585
"421","University of Notre Dame",2017,19564,49685,126013
"422","Iowa State University",2017,19262,8219,97969
"423","University of Iowa",2017,27734,8575,99670
"424","University of Kansas",2017,14538,11455,90682
"425","Kansas State University",2017,8517,9874,81452
"426","Pittsburg State University",2017,2486,6910,63902
"427","University of Kentucky",2017,18925,11484,96050
"428","University of Louisville",2017,10987,11264,78966
"429","Western Kentucky University",2017,9804,9912,65573
"430","Louisiana State University and Agricultural & Mechanical College",2017,17907,10814,89332
"431","Louisiana Tech University",2017,6952,9117,65526
"432","University of Louisiana at Monroe",2017,4035,8284,64438
"433","University of Louisiana at Lafayette",2017,10436,9450,77266
"434","Tulane University of Louisiana",2017,35622,51010,103089
"435","University of Maryland-College Park",2017,33922,10181,116219
"436","United States Naval Academy",2017,16299,NA,105960
"437","Boston College",2017,28454,51296,134797
"438","University of Massachusetts-Amherst",2017,42043,14971,111840
"439","Central Michigan University",2017,19021,12150,81505
"440","Eastern Michigan University",2017,16126,11209,86044
"441","University of Michigan-Ann Arbor",2017,59886,14402,105317
"442","Michigan State University",2017,36143,14062,106253
"443","Western Michigan University",2017,14263,12112,88526
"444","University of Minnesota-Duluth",2017,8700,13139,73530
"445","University of Mississippi",2017,17416,7744,80256
"446","Mississippi State University",2017,13973,7780,76184
"447","University of Southern Mississippi",2017,6372,7659,67655
"448","University of Missouri-Columbia",2017,16367,9518,85097
"449","University of Nebraska-Lincoln",2017,14947,8537,97272
"450","University of Nevada-Las Vegas",2017,9872,7183,94566
"451","University of Nevada-Reno",2017,9721,7142,90192
"452","Rutgers University-New Brunswick",2017,38384,14372,107178
"453","University of New Mexico-Main Campus",2017,11457,7340,80453
"454","New Mexico State University-Main Campus",2017,8192,6094,76416
"455","University at Buffalo",2017,27798,9574,91312
"456","Syracuse University",2017,33099,45022,101810
"457","United States Military Academy",2017,12973,NA,85448
"458","Appalachian State University",2017,14009,7136,75308
"459","Duke University",2017,33077,51265,143860
"460","East Carolina University",2017,15860,6997,78705
"461","University of North Carolina at Chapel Hill",2017,39650,8834,113524
"462","North Carolina State University at Raleigh",2017,26980,8880,98011
"463","Wake Forest University",2017,13071,49308,106158
"464","University of Akron Main Campus",2017,15109,10977,86028
"465","Bowling Green State University-Main Campus",2017,15629,11057,79462
"466","University of Cincinnati-Main Campus",2017,21593,11000,88899
"467","Kent State University at Kent",2017,15538,10012,81012
"468","Miami University-Oxford",2017,30255,14736,84557
"469","Ohio State University-Main Campus",2017,47782,10037,111006
"470","Ohio University-Main Campus",2017,26263,11744,81130
"471","University of Toledo",2017,10946,9244,79102
"472","Oklahoma State University-Main Campus",2017,13635,8321,80893
"473","University of Oklahoma-Norman Campus",2017,15579,10881,85891
"474","University of Tulsa",2017,7869,41509,96024
"475","Oregon State University",2017,14888,10366,87897
"476","University of Oregon",2017,20317,10761,89123
"477","Pennsylvania State University-Main Campus",2017,56114,17900,102273
"478","Temple University",2017,35880,16274,96861
"479","Clemson University",2017,26242,14708,92589
"480","University of South Carolina-Columbia",2017,26015,11454,96576
"481","Coastal Carolina University",2017,18563,10876,69935
"482","University of Memphis",2017,13741,9125,79678
"483","Middle Tennessee State University",2017,9938,8280,66138
"484","The University of Tennessee-Knoxville",2017,18872,12724,98069
"485","Vanderbilt University",2017,31462,45610,123287
"486","Baylor University",2017,37083,42006,87453
"487","University of Houston",2017,20768,9519,103387
"488","University of North Texas",2017,18650,10153,97026
"489","Rice University",2017,18063,43918,139332
"490","Southern Methodist University",2017,13128,50358,113241
"491","Texas State University",2017,24277,9605,71232
"492","Texas A & M University-College Station",2017,36669,11036,102767
"493","The University of Texas at Austin",2017,51033,10092,112283
"494","The University of Texas at El Paso",2017,9382,7548,80115
"495","Texas Christian University",2017,19740,42670,102531
"496","The University of Texas at San Antonio",2017,15973,7700,83352
"497","Texas Tech University",2017,25207,8428,81052
"498","Brigham Young University",2017,12858,5300,96402
"499","Utah State University",2017,15555,7426,81177
"500","University of Utah",2017,22400,8518,90405
"501","Liberty University",2017,32854,21292,51709
"502","Old Dominion University",2017,11159,9750,75201
"503","Virginia Polytechnic Institute and State University",2017,27423,12852,101535
"504","University of Virginia-Main Campus",2017,36779,16412,124710
"505","Washington State University",2017,22565,11041,87587
"506","University of Washington-Seattle Campus",2017,44877,10753,114011
"507","Marshall University",2017,5026,7154,64482
"508","West Virginia University",2017,20594,7992,86731
"509","University of Wisconsin-Madison",2017,35596,10488,108135
"510","University of Wyoming",2017,4306,5055,85212
"511","Stanford University",2017,44073,47940,206400
"512","Purdue University-Main Campus",2017,49354,10002,109552
"513","University of Alabama at Birmingham",2018,7845,8328,95883
"514","The University of Alabama",2018,37302,10780,92677
"515","Auburn University",2018,20742,10968,93421
"516","University of South Alabama",2018,6555,7812,65506
"517","Troy University",2018,7332,8692,59820
"518","Arizona State University Campus Immersion",2018,26869,10792,103233
"519","University of Arizona",2018,39941,11877,100087
"520","University of Arkansas",2018,18732,9062,88851
"521","Arkansas State University",2018,5253,8478,62244
"522","California State University-Fresno",2018,18476,6585,84611
"523","University of California-Berkeley",2018,89607,14170,155186
"524","University of California-Los Angeles",2018,113754,13261,166775
"525","San Diego State University",2018,69399,7460,97875
"526","San Jose State University",2018,36243,7721,95425
"527","University of Southern California",2018,64352,54259,133820
"528","University of Colorado Boulder",2018,36604,12086,105159
"529","Colorado State University-Fort Collins",2018,24496,11632,91338
"530","United States Air Force Academy",2018,10376,NA,82039
"531","University of Connecticut",2018,34886,14880,107600
"532","University of Central Florida",2018,41816,6368,94197
"533","Florida Atlantic University",2018,17120,4831,82636
"534","Florida International University",2018,19410,6556,94945
"535","Florida State University",2018,50314,5656,101561
"536","University of Florida",2018,38905,6381,105826
"537","University of Miami",2018,34281,48484,111801
"538","University of South Florida",2018,35043,6410,92517
"539","Georgia Institute of Technology-Main Campus",2018,35644,12418,113704
"540","Georgia Southern University",2018,11522,6356,60201
"541","University of Georgia",2018,26164,11818,101203
"542","University of Hawaii at Manoa",2018,9345,11754,109243
"543","Boise State University",2018,10789,7326,72891
"544","University of Illinois Urbana-Champaign",2018,39406,15074,113428
"545","Northern Illinois University",2018,14157,18268,74564
"546","Northwestern University",2018,40425,52678,154697
"547","Ball State University",2018,23988,9774,67207
"548","Indiana University-Bloomington",2018,44169,10533,94280
"549","University of Notre Dame",2018,20371,51505,129197
"550","Iowa State University",2018,18855,8636,100652
"551","University of Iowa",2018,26706,8965,90881
"552","University of Kansas",2018,14752,10824,92264
"553","Kansas State University",2018,8685,10135,81838
"554","Pittsburg State University",2018,2418,7100,65982
"555","University of Kentucky",2018,19324,11942,96314
"556","University of Louisville",2018,13851,11264,78411
"557","Western Kentucky University",2018,9250,10202,66575
"558","Louisiana State University and Agricultural & Mechanical College",2018,24280,11374,91794
"559","Louisiana Tech University",2018,7297,9645,70666
"560","University of Louisiana at Monroe",2018,4253,8650,65336
"561","University of Louisiana at Lafayette",2018,9468,9888,75215
"562","Tulane University of Louisiana",2018,38816,52960,106469
"563","University of Maryland-College Park",2018,33497,10399,116442
"564","United States Naval Academy",2018,16086,NA,102435
"565","Boston College",2018,31084,53346,137903
"566","University of Massachusetts-Amherst",2018,41690,15411,110595
"567","Central Michigan University",2018,17858,12510,84165
"568","Eastern Michigan University",2018,14577,12019,87697
"569","University of Michigan-Ann Arbor",2018,64917,14826,108824
"570","Michigan State University",2018,33129,14460,107056
"571","Western Michigan University",2018,17051,11943,90529
"572","University of Minnesota-Duluth",2018,9207,13344,75929
"573","University of Mississippi",2018,15371,8300,82364
"574","Mississippi State University",2018,17381,8318,78124
"575","University of Southern Mississippi",2018,8550,8218,69042
"576","University of Missouri-Columbia",2018,18948,9787,88134
"577","University of Nebraska-Lincoln",2018,14956,8978,98921
"578","University of Nevada-Las Vegas",2018,11612,7665,96653
"579","University of Nevada-Reno",2018,9531,7599,92055
"580","Rutgers University-New Brunswick",2018,41348,14638,107257
"581","University of New Mexico-Main Campus",2018,10582,7448,81405
"582","New Mexico State University-Main Campus",2018,9635,6461,78213
"583","University at Buffalo",2018,31196,9828,95850
"584","Syracuse University",2018,34981,46755,106406
"585","United States Military Academy",2018,12294,NA,83935
"586","Appalachian State University",2018,16154,7302,74662
"587","Duke University",2018,35786,53500,147530
"588","East Carolina University",2018,17499,7143,77712
"589","University of North Carolina at Chapel Hill",2018,41939,9005,116320
"590","North Carolina State University at Raleigh",2018,30350,9058,99473
"591","Wake Forest University",2018,12937,51400,105028
"592","University of Akron Main Campus",2018,16088,10270,88435
"593","Bowling Green State University-Main Campus",2018,17034,11057,81929
"594","University of Cincinnati-Main Campus",2018,23296,11000,90870
"595","Kent State University at Kent",2018,16337,10012,82592
"596","Miami University-Oxford",2018,30126,14958,85809
"597","Ohio State University-Main Campus",2018,48077,10592,113177
"598","Ohio University-Main Campus",2018,23385,11896,82133
"599","University of Toledo",2018,10792,9244,80840
"600","Oklahoma State University-Main Campus",2018,14405,8738,81981
"601","University of Oklahoma-Norman Campus",2018,15811,11538,88487
"602","University of Tulsa",2018,8526,41509,95078
"603","Oregon State University",2018,14890,10797,89461
"604","University of Oregon",2018,24474,11571,93565
"605","Pennsylvania State University-Main Campus",2018,52742,18436,102250
"606","Temple University",2018,35501,16658,99347
"607","Clemson University",2018,28845,15116,92145
"608","University of South Carolina-Columbia",2018,30889,11862,97074
"609","Coastal Carolina University",2018,14057,11200,67672
"610","University of Memphis",2018,14141,9317,81021
"611","Middle Tennessee State University",2018,8055,8612,75707
"612","The University of Tennessee-Knoxville",2018,20457,12970,99960
"613","Vanderbilt University",2018,34313,47664,126890
"614","Baylor University",2018,37083,43790,89715
"615","University of Houston",2018,22461,9706,107942
"616","University of North Texas",2018,20006,10544,89463
"617","Rice University",2018,20923,45608,143865
"618","Southern Methodist University",2018,12603,52498,115457
"619","Texas State University",2018,24959,9985,71579
"620","Texas A & M University-College Station",2018,36000,11234,107694
"621","The University of Texas at Austin",2018,50575,10398,116462
"622","The University of Texas at El Paso",2018,10456,7851,81498
"623","Texas Christian University",2018,20156,44760,106055
"624","The University of Texas at San Antonio",2018,16918,7969,81558
"625","Texas Tech University",2018,24452,8860,83840
"626","Brigham Young University",2018,11205,5460,98748
"627","Utah State University",2018,15099,7870,82662
"628","University of Utah",2018,23096,8884,97969
"629","Liberty University",2018,29010,21310,57854
"630","Old Dominion University",2018,13335,10050,75417
"631","Virginia Polytechnic Institute and State University",2018,31936,13230,104069
"632","University of Virginia-Main Campus",2018,37182,16853,128621
"633","Washington State University",2018,22773,11391,88319
"634","University of Washington-Seattle Campus",2018,45907,10974,118257
"635","Marshall University",2018,4987,7798,68625
"636","West Virginia University",2018,18639,8376,90137
"637","University of Wisconsin-Madison",2018,42727,10533,112160
"638","University of Wyoming",2018,5293,5217,88861
"639","Stanford University",2018,47452,49617,182338
"640","Purdue University-Main Campus",2018,53722,9992,111956
"641","University of Alabama at Birmingham",2019,8298,8568,99028
"642","The University of Alabama",2019,38505,10780,93219
"643","Auburn University",2019,20205,11276,96112
"644","University of South Alabama",2019,6350,8396,65600
"645","Troy University",2019,6146,8908,59930
"646","Arizona State University Campus Immersion",2019,34188,10822,105685
"647","University of Arizona",2019,40854,12467,100977
"648","University of Arkansas",2019,17913,9130,90348
"649","Arkansas State University",2019,4689,8607,65152
"650","California State University-Fresno",2019,18123,6587,86928
"651","University of California-Berkeley",2019,87847,14184,160916
"652","University of California-Los Angeles",2019,111321,13226,171353
"653","San Diego State University",2019,70048,7488,99662
"654","San Jose State University",2019,35307,7796,96027
"655","University of Southern California",2019,66198,56225,136476
"656","University of Colorado Boulder",2019,40677,12532,107043
"657","Colorado State University-Fort Collins",2019,28319,11982,94571
"658","United States Air Force Academy",2019,10354,NA,84192
"659","University of Connecticut",2019,35096,15730,114275
"660","University of Central Florida",2019,45118,6368,95955
"661","Florida Atlantic University",2019,18854,4831,87048
"662","Florida International University",2019,18492,6556,96793
"663","Florida State University",2019,58936,5656,100538
"664","University of Florida",2019,40139,6381,107744
"665","University of Miami",2019,38920,50226,115799
"666","University of South Florida",2019,36986,6410,93560
"667","Georgia Institute of Technology-Main Campus",2019,36856,12424,116744
"668","Georgia Southern University",2019,13346,6356,64135
"669","University of Georgia",2019,29285,11830,104768
"670","University of Hawaii at Manoa",2019,16235,11970,111058
"671","Boise State University",2019,15030,7694,74674
"672","University of Illinois Urbana-Champaign",2019,43509,15094,115466
"673","Northern Illinois University",2019,15693,14617,77288
"674","Northwestern University",2019,40585,54567,157343
"675","Ball State University",2019,23305,9896,68223
"676","Indiana University-Bloomington",2019,42902,10681,96084
"677","University of Notre Dame",2019,22200,53391,133603
"678","Iowa State University",2019,18246,8988,102150
"679","University of Iowa",2019,25928,9267,101179
"680","University of Kansas",2019,15093,11148,94809
"681","Kansas State University",2019,8277,10383,83579
"682","Pittsburg State University",2019,1822,7298,67162
"683","University of Kentucky",2019,18759,12245,98268
"684","University of Louisville",2019,14760,11656,78815
"685","Western Kentucky University",2019,8245,10512,69234
"686","Louisiana State University and Agricultural & Mechanical College",2019,24501,11950,91803
"687","Louisiana Tech University",2019,7552,9645,70683
"688","University of Louisiana at Monroe",2019,3953,8734,66435
"689","University of Louisiana at Lafayette",2019,9138,9912,74746
"690","Tulane University of Louisiana",2019,42185,54820,110332
"691","University of Maryland-College Park",2019,33012,10595,121911
"692","United States Naval Academy",2019,16332,NA,110540
"693","Boston College",2019,35552,55464,140395
"694","University of Massachusetts-Amherst",2019,42157,15887,115397
"695","Central Michigan University",2019,16411,12960,86322
"696","Eastern Michigan University",2019,14323,12508,88399
"697","University of Michigan-Ann Arbor",2019,64972,15262,110617
"698","Michigan State University",2019,44322,14460,108234
"699","Western Michigan University",2019,17698,12483,91918
"700","University of Minnesota-Duluth",2019,8704,13366,77460
"701","University of Mississippi",2019,16253,8660,83000
"702","Mississippi State University",2019,18340,8650,79346
"703","University of Southern Mississippi",2019,9217,8624,70178
"704","University of Missouri-Columbia",2019,20015,9972,88260
"705","University of Nebraska-Lincoln",2019,16829,9242,100104
"706","University of Nevada-Las Vegas",2019,12720,7985,97416
"707","University of Nevada-Reno",2019,9064,7764,94134
"708","Rutgers University-New Brunswick",2019,41286,14974,111728
"709","University of New Mexico-Main Campus",2019,9328,7633,84375
"710","New Mexico State University-Main Campus",2019,11903,6686,80570
"711","University at Buffalo",2019,29900,10099,96732
"712","Syracuse University",2019,35299,51853,108582
"713","United States Military Academy",2019,11675,NA,89159
"714","Appalachian State University",2019,16664,7364,74881
"715","Duke University",2019,41947,55695,151848
"716","East Carolina University",2019,19235,7188,77643
"717","University of North Carolina at Chapel Hill",2019,42465,8987,115876
"718","North Carolina State University at Raleigh",2019,31130,9101,100211
"719","Wake Forest University",2019,12559,53322,107868
"720","University of Akron Main Campus",2019,14553,11463,91819
"721","Bowling Green State University-Main Campus",2019,17179,11105,83567
"722","University of Cincinnati-Main Campus",2019,23609,11000,92874
"723","Kent State University at Kent",2019,16308,10756,85224
"724","Miami University-Oxford",2019,27247,15380,89131
"725","Ohio State University-Main Campus",2019,47703,10726,115770
"726","Ohio University-Main Campus",2019,24179,12192,82991
"727","University of Toledo",2019,10085,9797,81798
"728","Oklahoma State University-Main Campus",2019,15277,9019,84625
"729","University of Oklahoma-Norman Campus",2019,15673,11538,92637
"730","University of Tulsa",2019,9793,41509,91894
"731","Oregon State University",2019,15786,11166,91232
"732","University of Oregon",2019,27209,11898,94590
"733","Pennsylvania State University-Main Campus",2019,95970,18454,97442
"734","Temple University",2019,35599,16970,100831
"735","Clemson University",2019,29070,15374,95885
"736","University of South Carolina-Columbia",2019,31268,12616,96362
"737","Coastal Carolina University",2019,15061,11716,69479
"738","University of Memphis",2019,14778,9317,79106
"739","Middle Tennessee State University",2019,8973,8858,76608
"740","The University of Tennessee-Knoxville",2019,21764,13006,101758
"741","Vanderbilt University",2019,37310,49816,131982
"742","Baylor University",2019,34582,45542,91966
"743","University of Houston",2019,25393,8913,111144
"744","University of North Texas",2019,21724,10852,90989
"745","Rice University",2019,27087,47350,149211
"746","Southern Methodist University",2019,13959,54492,118011
"747","Texas State University",2019,23583,10280,75342
"748","Texas A & M University-College Station",2019,42476,11870,110481
"749","The University of Texas at Austin",2019,53525,10610,123548
"750","The University of Texas at El Paso",2019,10972,8198,83326
"751","Texas Christian University",2019,19028,46950,109175
"752","The University of Texas at San Antonio",2019,17122,8049,85388
"753","Texas Tech University",2019,25384,9080,87447
"754","Brigham Young University",2019,10500,5620,102344
"755","Utah State University",2019,15276,8138,84635
"756","University of Utah",2019,24404,9222,98862
"757","Liberty University",2019,42312,22584,53635
"758","Old Dominion University",2019,13761,10560,78639
"759","Virginia Polytechnic Institute and State University",2019,31974,13620,104398
"760","University of Virginia-Main Campus",2019,40839,17653,132551
"761","Washington State University",2019,21434,11584,89844
"762","University of Washington-Seattle Campus",2019,45579,11207,120741
"763","Marshall University",2019,6451,8128,71166
"764","West Virginia University",2019,18202,8856,94361
"765","University of Wisconsin-Madison",2019,43896,10555,115358
"766","University of Wyoming",2019,5348,5400,89100
"767","Stanford University",2019,47498,51354,187587
"768","Purdue University-Main Campus",2019,55311,9992,114183
"769","University of Alabama at Birmingham",2020,10391,8568,101860
"770","The University of Alabama",2020,39560,10780,93633
"771","Auburn University",2020,17946,11492,96016
"772","University of South Alabama",2020,8084,8396,68001
"773","Troy University",2020,7018,8908,61020
"774","Arizona State University Campus Immersion",2020,53516,11338,101317
"775","University of Arizona",2020,43540,12711,92534
"776","University of Arkansas",2020,19777,9384,89642
"777","Arkansas State University",2020,5836,8900,65355
"778","California State University-Fresno",2020,15448,6589,85966
"779","University of California-Berkeley",2020,88062,14253,163401
"780","University of California-Los Angeles",2020,108870,13240,175092
"781","San Diego State University",2020,64784,7510,100411
"782","San Jose State University",2020,32375,7852,95514
"783","University of Southern California",2020,59712,58195,139069
"784","University of Colorado Boulder",2020,44203,12500,101556
"785","Colorado State University-Fort Collins",2020,28843,12058,94636
"786","United States Air Force Academy",2020,10747,NA,88699
"787","University of Connecticut",2020,34437,17226,119313
"788","University of Central Florida",2020,47957,6368,97350
"789","Florida Atlantic University",2020,25300,4879,89846
"790","Florida International University",2020,16904,6565,98510
"791","Florida State University",2020,63691,5656,102323
"792","University of Florida",2020,48193,6381,108407
"793","University of Miami",2020,40131,51930,116205
"794","University of South Florida",2020,38696,6410,95160
"795","Georgia Institute of Technology-Main Campus",2020,40852,12682,123824
"796","Georgia Southern University",2020,17250,6463,72365
"797","University of Georgia",2020,28206,12080,105035
"798","University of Hawaii at Manoa",2020,13240,12186,113002
"799","Boise State University",2020,15511,8068,75079
"800","University of Illinois Urbana-Champaign",2020,43473,15122,115406
"801","Northern Illinois University",2020,16690,12390,82589
"802","Northwestern University",2020,39263,56691,157615
"803","Ball State University",2020,20167,10020,70208
"804","Indiana University-Bloomington",2020,44129,10947,96684
"805","University of Notre Dame",2020,21253,55553,133534
"806","Iowa State University",2020,20223,9320,102437
"807","University of Iowa",2020,24132,9606,105462
"808","University of Kansas",2020,15042,11166,94249
"809","Kansas State University",2020,9208,10440,86475
"810","Pittsburg State University",2020,2007,7338,67056
"811","University of Kentucky",2020,19648,12360,98369
"812","University of Louisville",2020,17265,11928,72795
"813","Western Kentucky University",2020,8578,10802,70053
"814","Louisiana State University and Agricultural & Mechanical College",2020,28960,11962,90977
"815","Louisiana Tech University",2020,7087,10185,70834
"816","University of Louisiana at Monroe",2020,4837,8974,64982
"817","University of Louisiana at Lafayette",2020,9870,10382,74110
"818","Tulane University of Louisiana",2020,43892,56800,109141
"819","University of Maryland-College Park",2020,32147,10779,122863
"820","United States Naval Academy",2020,15699,NA,112894
"821","Boston College",2020,29382,57910,140471
"822","University of Massachusetts-Amherst",2020,40315,16389,114764
"823","Central Michigan University",2020,19396,12960,89650
"824","Eastern Michigan University",2020,15957,13233,88123
"825","University of Michigan-Ann Arbor",2020,65021,15558,110947
"826","Michigan State University",2020,45426,14460,106315
"827","Western Michigan University",2020,16582,13017,89931
"828","University of Minnesota-Duluth",2020,9190,13680,77534
"829","University of Mississippi",2020,16383,8828,83685
"830","Mississippi State University",2020,16127,8910,79063
"831","University of Southern Mississippi",2020,9683,8896,70952
"832","University of Missouri-Columbia",2020,20641,10477,93514
"833","University of Nebraska-Lincoln",2020,17495,9522,100170
"834","University of Nevada-Las Vegas",2020,13256,8291,98177
"835","University of Nevada-Reno",2020,9644,8034,93175
"836","Rutgers University-New Brunswick",2020,41263,15407,111638
"837","University of New Mexico-Main Campus",2020,10436,7875,85364
"838","New Mexico State University-Main Campus",2020,13715,7087,80569
"839","University at Buffalo",2020,30247,10524,96100
"840","Syracuse University",2020,32005,53849,109163
"841","United States Military Academy",2020,15856,NA,91081
"842","Appalachian State University",2020,18178,7409,74745
"843","Duke University",2020,39639,58123,151406
"844","East Carolina University",2020,20313,7238,77091
"845","University of North Carolina at Chapel Hill",2020,41773,8980,115921
"846","North Carolina State University at Raleigh",2020,31487,9101,100512
"847","Wake Forest University",2020,11959,55440,107481
"848","University of Akron Main Campus",2020,14553,11636,92515
"849","Bowling Green State University-Main Campus",2020,17341,11316,87082
"850","University of Cincinnati-Main Campus",2020,23960,11660,94421
"851","Kent State University at Kent",2020,18085,11131,85424
"852","Miami University-Oxford",2020,26844,15911,94867
"853","Ohio State University-Main Campus",2020,49087,11084,116105
"854","Ohio University-Main Campus",2020,22518,12612,79560
"855","University of Toledo",2020,9673,10140,84624
"856","Oklahoma State University-Main Campus",2020,17164,9019,85079
"857","University of Oklahoma-Norman Campus",2020,15451,11763,94141
"858","University of Tulsa",2020,5815,42723,95744
"859","Oregon State University",2020,17374,11709,94242
"860","University of Oregon",2020,28525,12720,105020
"861","Pennsylvania State University-Main Campus",2020,NA,NA,NA
"862","Temple University",2020,33805,16970,104732
"863","Clemson University",2020,28600,15558,93853
"864","University of South Carolina-Columbia",2020,34957,12688,98857
"865","Coastal Carolina University",2020,14152,11640,69920
"866","University of Memphis",2020,13298,9912,79210
"867","Middle Tennessee State University",2020,9096,9070,78645
"868","The University of Tennessee-Knoxville",2020,25423,13264,100967
"869","Vanderbilt University",2020,36646,52070,133016
"870","Baylor University",2020,33680,47364,94822
"871","University of Houston",2020,28645,9221,112436
"872","University of North Texas",2020,21514,11044,93522
"873","Rice University",2020,23455,49112,147399
"874","Southern Methodist University",2020,14010,56560,120332
"875","Texas State University",2020,25461,10581,75938
"876","Texas A & M University-College Station",2020,42872,12153,110651
"877","The University of Texas at Austin",2020,57241,10824,123703
"878","The University of Texas at El Paso",2020,13121,9161,83119
"879","Texas Christian University",2020,21145,49250,110247
"880","The University of Texas at San Antonio",2020,21597,8262,87493
"881","Texas Tech University",2020,29131,9300,94015
"882","Brigham Young University",2020,11292,5790,105619
"883","Utah State University",2020,15949,8402,84251
"884","University of Utah",2020,18419,8615,98901
"885","Liberty University",2020,61649,22747,53328
"886","Old Dominion University",2020,13651,10680,79349
"887","Virginia Polytechnic Institute and State University",2020,30771,13691,104033
"888","University of Virginia-Main Campus",2020,40879,17798,134679
"889","Washington State University",2020,21198,11841,91859
"890","University of Washington-Seattle Campus",2020,43778,11465,121459
"891","Marshall University",2020,6718,8412,71274
"892","West Virginia University",2020,17326,8976,95994
"893","University of Wisconsin-Madison",2020,45915,10725,121408
"894","University of Wyoming",2020,4919,5581,88879
"895","Stanford University",2020,45227,53529,188567
"896","Purdue University-Main Campus",2020,57510,9992,114439
"897","University of Alabama at Birmingham",2021,11906,8568,104003
"898","The University of Alabama",2021,42421,11620,94993
"899","Auburn University",2021,27619,11796,99349
"900","University of South Alabama",2021,11817,8396,68004
"901","Troy University",2021,6766,8908,64667
"902","Arizona State University Campus Immersion",2021,61603,11338,105075
"903","University of Arizona",2021,48065,12736,102791
"904","University of Arkansas",2021,21462,9384,90406
"905","Arkansas State University",2021,5835,7315,66895
"906","California State University-Fresno",2021,15231,6643,85958
"907","University of California-Berkeley",2021,112843,14312,170122
"908","University of California-Los Angeles",2021,139489,13249,177632
"909","San Diego State University",2021,67660,7720,98290
"910","San Jose State University",2021,30441,7852,94843
"911","University of Southern California",2021,71031,60275,142538
"912","University of Colorado Boulder",2021,54756,12466,108398
"913","Colorado State University-Fort Collins",2021,31586,12260,95539
"914","United States Air Force Academy",2021,11687,NA,94508
"915","University of Connecticut",2021,36753,17834,117307
"916","University of Central Florida",2021,48929,6368,98575
"917","Florida Atlantic University",2021,25148,4879,88807
"918","Florida International University",2021,16406,6565,92273
"919","Florida State University",2021,65235,5656,103515
"920","University of Florida",2021,51207,6381,112102
"921","University of Miami",2021,42244,53682,120379
"922","University of South Florida",2021,50352,6410,95758
"923","Georgia Institute of Technology-Main Campus",2021,44048,12852,127928
"924","Georgia Southern University",2021,18541,6485,73005
"925","University of Georgia",2021,39229,12080,106774
"926","University of Hawaii at Manoa",2021,19607,12186,115960
"927","Boise State University",2021,15648,8068,77880
"928","University of Illinois Urbana-Champaign",2021,47593,15150,117842
"929","Northern Illinois University",2021,22602,12352,85852
"930","Northwestern University",2021,47636,58701,163111
"931","Ball State University",2021,22947,10144,70603
"932","Indiana University-Bloomington",2021,46498,11221,98488
"933","University of Notre Dame",2021,23642,57699,136509
"934","Iowa State University",2021,20357,9316,106378
"935","University of Iowa",2021,22434,9606,106372
"936","University of Kansas",2021,15275,11166,95353
"937","Kansas State University",2021,9822,10466,87511
"938","Pittsburg State University",2021,2216,7504,66533
"939","University of Kentucky",2021,21695,12484,98993
"940","University of Louisville",2021,15455,12162,73522
"941","Western Kentucky University",2021,7255,10802,68689
"942","Louisiana State University and Agricultural & Mechanical College",2021,36561,11962,92454
"943","Louisiana Tech University",2021,7724,10065,73696
"944","University of Louisiana at Monroe",2021,4945,9070,66455
"945","University of Louisiana at Lafayette",2021,10409,10358,75489
"946","Tulane University of Louisiana",2021,45525,58852,110149
"947","University of Maryland-College Park",2021,50183,10779,125230
"948","United States Naval Academy",2021,16265,NA,115165
"949","Boston College",2021,39846,60202,143185
"950","University of Massachusetts-Amherst",2021,42540,16439,115252
"951","Central Michigan University",2021,18517,12960,90760
"952","Eastern Michigan University",2021,17506,13700,87833
"953","University of Michigan-Ann Arbor",2021,79743,15948,113587
"954","Michigan State University",2021,50630,14460,108281
"955","Western Michigan University",2021,18853,13017,92796
"956","University of Minnesota-Duluth",2021,9610,13576,75697
"957","University of Mississippi",2021,19531,8828,85142
"958","Mississippi State University",2021,17707,8910,82612
"959","University of Southern Mississippi",2021,9314,8896,72421
"960","University of Missouri-Columbia",2021,19966,10723,96296
"961","University of Nebraska-Lincoln",2021,17775,9690,104448
"962","University of Nevada-Las Vegas",2021,13025,8685,97216
"963","University of Nevada-Reno",2021,9421,8366,93304
"964","Rutgers University-New Brunswick",2021,43161,15003,115312
"965","University of New Mexico-Main Campus",2021,11346,8161,87370
"966","New Mexico State University-Main Campus",2021,12535,7301,81714
"967","University at Buffalo",2021,30750,10526,99300
"968","Syracuse University",2021,39682,55926,110720
"969","United States Military Academy",2021,13955,NA,94727
"970","Appalachian State University",2021,21120,7410,72629
"971","Duke University",2021,49703,57934,154288
"972","East Carolina University",2021,21898,7239,77368
"973","University of North Carolina at Chapel Hill",2021,50729,8980,114942
"974","North Carolina State University at Raleigh",2021,32998,9101,100145
"975","Wake Forest University",2021,15156,57760,108398
"976","University of Akron Main Campus",2021,11332,11881,90554
"977","Bowling Green State University-Main Campus",2021,18295,11573,88228
"978","University of Cincinnati-Main Campus",2021,25775,12138,96849
"979","Kent State University at Kent",2021,19881,11009,86778
"980","Miami University-Oxford",2021,29990,16223,94134
"981","Ohio State University-Main Campus",2021,58180,11518,119968
"982","Ohio University-Main Campus",2021,21733,12612,84286
"983","University of Toledo",2021,9893,11082,88763
"984","Oklahoma State University-Main Campus",2021,16934,9019,85479
"985","University of Oklahoma-Norman Campus",2021,17318,11688,93350
"986","University of Tulsa",2021,5958,43985,99652
"987","Oregon State University",2021,23188,11858,96469
"988","University of Oregon",2021,31558,13857,103839
"989","Pennsylvania State University-Main Campus",2021,NA,NA,NA
"990","Temple University",2021,37571,16970,106835
"991","Clemson University",2021,47007,15558,96424
"992","University of South Carolina-Columbia",2021,42045,12688,102889
"993","Coastal Carolina University",2021,15481,11640,73328
"994","University of Memphis",2021,14916,9912,80811
"995","Middle Tennessee State University",2021,11244,9070,79506
"996","The University of Tennessee-Knoxville",2021,29909,13264,105104
"997","Vanderbilt University",2021,47152,54158,134547
"998","Baylor University",2021,36588,49246,96056
"999","University of Houston",2021,29721,9457,113727
"1000","University of North Texas",2021,24858,11090,95498
"1001","Rice University",2021,29544,51107,150288
"1002","Southern Methodist University",2021,15685,58540,121961
"1003","Texas State University",2021,31073,10855,77450
"1004","Texas A & M University-College Station",2021,43763,12783,116585
"1005","The University of Texas at Austin",2021,66077,11448,127498
"1006","The University of Texas at El Paso",2021,10153,9450,82728
"1007","Texas Christian University",2021,19782,51660,114593
"1008","The University of Texas at San Antonio",2021,21726,8566,88732
"1009","Texas Tech University",2021,33756,9530,96899
"1010","Brigham Young University",2021,11608,5970,108083
"1011","Utah State University",2021,15567,8764,86658
"1012","University of Utah",2021,18302,8615,102141
"1013","Liberty University",2021,28448,21587,46807
"1014","Old Dominion University",2021,13586,10800,83593
"1015","Virginia Polytechnic Institute and State University",2021,42054,13749,108802
"1016","University of Virginia-Main Campus",2021,47971,18960,139562
"1017","Washington State University",2021,18197,12170,92732
"1018","University of Washington-Seattle Campus",2021,48840,11745,123439
"1019","Marshall University",2021,5602,8512,72914
"1020","West Virginia University",2021,17074,8976,97227
"1021","University of Wisconsin-Madison",2021,53781,10742,123803
"1022","University of Wyoming",2021,5645,5791,88677
"1023","Stanford University",2021,55471,55473,191816
"1024","Purdue University-Main Campus",2021,59436,9992,116528
"1025","University of Alabama at Birmingham",2022,9947,8568,106434
"1026","The University of Alabama",2022,54072,11620,97394
"1027","Auburn University",2022,45693,11826,104085
"1028","University of South Alabama",2022,12550,8756,70535
"1029","Troy University",2022,7035,9312,64520
"1030","Arizona State University Campus Immersion",2022,68789,11348,107320
"1031","University of Arizona",2022,52091,12736,102736
"1032","University of Arkansas",2022,26219,9574,92078
"1033","Arkansas State University",2022,6045,7130,67737
"1034","California State University-Fresno",2022,18551,6653,92570
"1035","University of California-Berkeley",2022,128209,14226,175852
"1036","University of California-Los Angeles",2022,149801,13258,188356
"1037","San Diego State University",2022,77250,8136,106213
"1038","San Jose State University",2022,34002,7852,103163
"1039","University of Southern California",2022,69062,61503,150249
"1040","University of Colorado Boulder",2022,53781,12496,113287
"1041","Colorado State University-Fort Collins",2022,33122,12260,101840
"1042","United States Air Force Academy",2022,8353,NA,101629
"1043","University of Connecticut",2022,40894,18524,123231
"1044","University of Central Florida",2022,54977,6368,100166
"1045","Florida Atlantic University",2022,24268,4879,92389
"1046","Florida International University",2022,17343,6565,95411
"1047","Florida State University",2022,78088,5656,110317
"1048","University of Florida",2022,64473,6381,114823
"1049","University of Miami",2022,49169,54760,126987
"1050","University of South Florida",2022,65568,6410,98381
"1051","Georgia Institute of Technology-Main Campus",2022,50610,12852,138078
"1052","Georgia Southern University",2022,14680,6485,80029
"1053","University of Georgia",2022,39320,12080,110755
"1054","University of Hawaii at Manoa",2022,18974,12186,120613
"1055","Boise State University",2022,16795,8060,80811
"1056","University of Illinois Urbana-Champaign",2022,63257,15442,122060
"1057","Northern Illinois University",2022,25961,12478,86606
"1058","Northwestern University",2022,51261,60768,168344
"1059","Ball State University",2022,22859,10290,71453
"1060","Indiana University-Bloomington",2022,50080,11333,101858
"1061","University of Notre Dame",2022,26509,58843,144593
"1062","Iowa State University",2022,21919,9634,111012
"1063","University of Iowa",2022,25729,9942,114064
"1064","University of Kansas",2022,16204,11166,100439
"1065","Kansas State University",2022,9706,10420,91396
"1066","Pittsburg State University",2022,2642,7932,69645
"1067","University of Kentucky",2022,22109,12610,104156
"1068","University of Louisville",2022,15462,12370,80842
"1069","Western Kentucky University",2022,7505,10992,70087
"1070","Louisiana State University and Agricultural & Mechanical College",2022,38853,11958,96660
"1071","Louisiana Tech University",2022,7595,10065,77327
"1072","University of Louisiana at Monroe",2022,4303,9058,69002
"1073","University of Louisiana at Lafayette",2022,11752,10346,78140
"1074","Tulane University of Louisiana",2022,31615,60814,111737
"1075","University of Maryland-College Park",2022,56761,10955,135474
"1076","United States Naval Academy",2022,12927,NA,116141
"1077","Boston College",2022,40494,61706,149402
"1078","University of Massachusetts-Amherst",2022,45451,16439,116437
"1079","Central Michigan University",2022,19888,13200,92172
"1080","Eastern Michigan University",2022,19919,14060,91896
"1081","University of Michigan-Ann Arbor",2022,84289,16178,119112
"1082","Michigan State University",2022,53341,14750,116379
"1083","Western Michigan University",2022,20501,13434,93833
"1084","University of Minnesota-Duluth",2022,9512,13850,78943
"1085","University of Mississippi",2022,22311,9044,87066
"1086","Mississippi State University",2022,18830,9220,85327
"1087","University of Southern Mississippi",2022,9051,9204,74841
"1088","University of Missouri-Columbia",2022,20303,11475,99523
"1089","University of Nebraska-Lincoln",2022,19102,9872,108674
"1090","University of Nevada-Las Vegas",2022,13275,8737,97304
"1091","University of Nevada-Reno",2022,9398,8588,95543
"1092","Rutgers University-New Brunswick",2022,41654,15804,119251
"1093","University of New Mexico-Main Campus",2022,12639,7905,94123
"1094","New Mexico State University-Main Campus",2022,15860,7301,86820
"1095","University at Buffalo",2022,30939,10782,100672
"1096","Syracuse University",2022,41489,57591,113934
"1097","United States Military Academy",2022,12559,NA,100578
"1098","Appalachian State University",2022,22255,7410,80059
"1099","Duke University",2022,50016,60244,162699
"1100","East Carolina University",2022,21383,7297,81207
"1101","University of North Carolina at Chapel Hill",2022,56341,9028,125543
"1102","North Carolina State University at Raleigh",2022,35568,9131,108689
"1103","Wake Forest University",2022,16857,59770,109593
"1104","University of Akron Main Campus",2022,12282,11880,92979
"1105","Bowling Green State University-Main Campus",2022,17447,13061,90074
"1106","University of Cincinnati-Main Campus",2022,29025,12598,99797
"1107","Kent State University at Kent",2022,20369,11934,89970
"1108","Miami University-Oxford",2022,30367,16704,97839
"1109","Ohio State University-Main Campus",2022,65189,11936,122952
"1110","Ohio University-Main Campus",2022,24978,12840,86095
"1111","University of Toledo",2022,12575,11490,90235
"1112","Oklahoma State University-Main Campus",2022,19117,9244,89952
"1113","University of Oklahoma-Norman Campus",2022,21548,12012,96108
"1114","University of Tulsa",2022,12042,45673,94778
"1115","Oregon State University",2022,25651,12188,101213
"1116","University of Oregon",2022,37154,14421,109504
"1117","Pennsylvania State University-Main Campus",2022,85784,18898,81577
"1118","Temple University",2022,38666,17378,109756
"1119","Clemson University",2022,52819,15558,101148
"1120","University of South Carolina-Columbia",2022,42188,12688,103780
"1121","Coastal Carolina University",2022,17161,11640,75352
"1122","University of Memphis",2022,15767,10056,83240
"1123","Middle Tennessee State University",2022,12868,9232,81140
"1124","The University of Tennessee-Knoxville",2022,36290,13244,108731
"1125","Vanderbilt University",2022,46377,56966,136648
"1126","Baylor University",2022,40753,50232,99296
"1127","University of Houston",2022,29783,9699,116756
"1128","University of North Texas",2022,32016,11090,95786
"1129","Rice University",2022,31443,52895,158388
"1130","Southern Methodist University",2022,16150,60236,124476
"1131","Texas State University",2022,28908,11135,76640
"1132","Texas A & M University-College Station",2022,43422,13239,119976
"1133","The University of Texas at Austin",2022,60055,11752,133806
"1134","The University of Texas at El Paso",2022,10493,9744,85253
"1135","Texas Christian University",2022,16197,51660,117273
"1136","The University of Texas at San Antonio",2022,23295,9231,88576
"1137","Texas Tech University",2022,35400,11852,99269
"1138","Brigham Young University",2022,10559,6120,114792
"1139","Utah State University",2022,16069,8960,91324
"1140","University of Utah",2022,21072,8893,107958
"1141","Liberty University",2022,30943,22713,70496
"1142","Old Dominion University",2022,14435,10800,86983
"1143","Virginia Polytechnic Institute and State University",2022,45321,13750,114302
"1144","University of Virginia-Main Campus",2022,50926,19244,145554
"1145","Washington State University",2022,19401,12417,96937
"1146","University of Washington-Seattle Campus",2022,52488,12076,125458
"1147","Marshall University",2022,6356,8552,74238
"1148","West Virginia University",2022,18206,8976,100710
"1149","University of Wisconsin-Madison",2022,60214,10720,128426
"1150","University of Wyoming",2022,5797,6277,92574
"1151","Stanford University",2022,56378,56169,202710
"1152","Purdue University-Main Campus",2022,68582,9992,121387
